/////////////////////////////////////////////////////////////////////////////////
/// Profile Data Ascii Dump (XRD)                                             ///
/////////////////////////////////////////////////////////////////////////////////

  Group     : Standard
  Data      : VO2 - 12-04
  File Name : VO2 - 12-04.RAW

# Profile Datafile
          comment             = VO2 puro 
          date & time         = 04-12-24 13:48:50 

# Measurement Condition
    X-ray tube
          target              = Cu 
          voltage             = 40.0 (kV)
          current             = 30.0 (mA)
    Slits
          divergence slit     = 1.00000 (deg) 
          scatter slit        = 1.00000 (deg) 
          receiving slit      = 0.30000 (mm)  
    Scanning
          drive axis          = Theta-2Theta 
          scan range          =   10.000 -   60.000 
          scan mode           = Continuous Scan 
          scan speed          =   0.2500 (deg/min) 
          sampling pitch      =   0.0100 (deg) 
          preset time         =   2.40 (sec) 

# Data      [ Total No. = 5001 ]
  <2Theta>   <   I   >
    10.0000       278
    10.0100       260
    10.0200       278
    10.0300       234
    10.0400       242
    10.0500       262
    10.0600       262
    10.0700       272
    10.0800       246
    10.0900       252
    10.1000       264
    10.1100       278
    10.1200       284
    10.1300       300
    10.1400       268
    10.1500       274
    10.1600       300
    10.1700       280
    10.1800       272
    10.1900       270
    10.2000       254
    10.2100       284
    10.2200       262
    10.2300       288
    10.2400       284
    10.2500       254
    10.2600       268
    10.2700       298
    10.2800       274
    10.2900       266
    10.3000       262
    10.3100       244
    10.3200       278
    10.3300       258
    10.3400       242
    10.3500       252
    10.3600       284
    10.3700       266
    10.3800       252
    10.3900       276
    10.4000       282
    10.4100       286
    10.4200       270
    10.4300       268
    10.4400       250
    10.4500       232
    10.4600       250
    10.4700       248
    10.4800       252
    10.4900       252
    10.5000       266
    10.5100       240
    10.5200       240
    10.5300       252
    10.5400       296
    10.5500       264
    10.5600       252
    10.5700       254
    10.5800       240
    10.5900       228
    10.6000       234
    10.6100       248
    10.6200       266
    10.6300       282
    10.6400       234
    10.6500       234
    10.6600       256
    10.6700       230
    10.6800       266
    10.6900       256
    10.7000       244
    10.7100       262
    10.7200       210
    10.7300       264
    10.7400       236
    10.7500       252
    10.7600       206
    10.7700       256
    10.7800       240
    10.7900       258
    10.8000       252
    10.8100       264
    10.8200       230
    10.8300       264
    10.8400       248
    10.8500       236
    10.8600       236
    10.8700       258
    10.8800       238
    10.8900       220
    10.9000       236
    10.9100       234
    10.9200       216
    10.9300       226
    10.9400       250
    10.9500       260
    10.9600       228
    10.9700       258
    10.9800       246
    10.9900       246
    11.0000       232
    11.0100       208
    11.0200       244
    11.0300       232
    11.0400       252
    11.0500       232
    11.0600       274
    11.0700       238
    11.0800       240
    11.0900       252
    11.1000       234
    11.1100       214
    11.1200       250
    11.1300       222
    11.1400       240
    11.1500       220
    11.1600       254
    11.1700       234
    11.1800       244
    11.1900       264
    11.2000       264
    11.2100       196
    11.2200       232
    11.2300       236
    11.2400       220
    11.2500       236
    11.2600       228
    11.2700       212
    11.2800       220
    11.2900       218
    11.3000       216
    11.3100       208
    11.3200       238
    11.3300       230
    11.3400       240
    11.3500       220
    11.3600       252
    11.3700       226
    11.3800       228
    11.3900       240
    11.4000       238
    11.4100       214
    11.4200       244
    11.4300       244
    11.4400       272
    11.4500       238
    11.4600       206
    11.4700       232
    11.4800       262
    11.4900       260
    11.5000       230
    11.5100       250
    11.5200       238
    11.5300       238
    11.5400       258
    11.5500       242
    11.5600       258
    11.5700       206
    11.5800       230
    11.5900       242
    11.6000       240
    11.6100       244
    11.6200       272
    11.6300       256
    11.6400       262
    11.6500       278
    11.6600       266
    11.6700       300
    11.6800       268
    11.6900       248
    11.7000       298
    11.7100       310
    11.7200       316
    11.7300       304
    11.7400       344
    11.7500       396
    11.7600       408
    11.7700       396
    11.7800       426
    11.7900       430
    11.8000       478
    11.8100       460
    11.8200       444
    11.8300       426
    11.8400       416
    11.8500       386
    11.8600       330
    11.8700       366
    11.8800       352
    11.8900       340
    11.9000       346
    11.9100       306
    11.9200       338
    11.9300       304
    11.9400       292
    11.9500       302
    11.9600       282
    11.9700       326
    11.9800       274
    11.9900       300
    12.0000       278
    12.0100       282
    12.0200       276
    12.0300       274
    12.0400       272
    12.0500       266
    12.0600       316
    12.0700       304
    12.0800       268
    12.0900       274
    12.1000       300
    12.1100       268
    12.1200       264
    12.1300       276
    12.1400       288
    12.1500       312
    12.1600       282
    12.1700       282
    12.1800       294
    12.1900       280
    12.2000       258
    12.2100       298
    12.2200       286
    12.2300       254
    12.2400       278
    12.2500       286
    12.2600       270
    12.2700       290
    12.2800       268
    12.2900       292
    12.3000       278
    12.3100       250
    12.3200       274
    12.3300       292
    12.3400       254
    12.3500       298
    12.3600       246
    12.3700       272
    12.3800       260
    12.3900       278
    12.4000       264
    12.4100       272
    12.4200       254
    12.4300       248
    12.4400       248
    12.4500       266
    12.4600       238
    12.4700       244
    12.4800       238
    12.4900       246
    12.5000       258
    12.5100       280
    12.5200       260
    12.5300       272
    12.5400       256
    12.5500       270
    12.5600       210
    12.5700       238
    12.5800       238
    12.5900       246
    12.6000       260
    12.6100       276
    12.6200       198
    12.6300       248
    12.6400       248
    12.6500       204
    12.6600       242
    12.6700       188
    12.6800       224
    12.6900       216
    12.7000       204
    12.7100       214
    12.7200       216
    12.7300       212
    12.7400       230
    12.7500       212
    12.7600       202
    12.7700       226
    12.7800       214
    12.7900       216
    12.8000       210
    12.8100       224
    12.8200       208
    12.8300       218
    12.8400       210
    12.8500       208
    12.8600       230
    12.8700       250
    12.8800       182
    12.8900       218
    12.9000       206
    12.9100       226
    12.9200       220
    12.9300       190
    12.9400       212
    12.9500       222
    12.9600       204
    12.9700       234
    12.9800       220
    12.9900       210
    13.0000       190
    13.0100       192
    13.0200       206
    13.0300       206
    13.0400       214
    13.0500       184
    13.0600       228
    13.0700       214
    13.0800       218
    13.0900       172
    13.1000       172
    13.1100       182
    13.1200       196
    13.1300       194
    13.1400       180
    13.1500       216
    13.1600       194
    13.1700       180
    13.1800       170
    13.1900       186
    13.2000       186
    13.2100       196
    13.2200       174
    13.2300       180
    13.2400       212
    13.2500       216
    13.2600       192
    13.2700       200
    13.2800       204
    13.2900       200
    13.3000       190
    13.3100       182
    13.3200       182
    13.3300       178
    13.3400       180
    13.3500       180
    13.3600       200
    13.3700       166
    13.3800       180
    13.3900       188
    13.4000       180
    13.4100       202
    13.4200       190
    13.4300       188
    13.4400       176
    13.4500       218
    13.4600       186
    13.4700       180
    13.4800       190
    13.4900       186
    13.5000       202
    13.5100       190
    13.5200       184
    13.5300       176
    13.5400       176
    13.5500       192
    13.5600       176
    13.5700       178
    13.5800       204
    13.5900       186
    13.6000       190
    13.6100       184
    13.6200       184
    13.6300       162
    13.6400       194
    13.6500       184
    13.6600       184
    13.6700       222
    13.6800       176
    13.6900       216
    13.7000       174
    13.7100       186
    13.7200       182
    13.7300       186
    13.7400       164
    13.7500       156
    13.7600       172
    13.7700       186
    13.7800       188
    13.7900       190
    13.8000       194
    13.8100       172
    13.8200       160
    13.8300       188
    13.8400       194
    13.8500       160
    13.8600       190
    13.8700       158
    13.8800       180
    13.8900       166
    13.9000       210
    13.9100       172
    13.9200       166
    13.9300       180
    13.9400       156
    13.9500       184
    13.9600       182
    13.9700       196
    13.9800       160
    13.9900       168
    14.0000       158
    14.0100       184
    14.0200       158
    14.0300       160
    14.0400       172
    14.0500       156
    14.0600       152
    14.0700       192
    14.0800       186
    14.0900       160
    14.1000       168
    14.1100       202
    14.1200       178
    14.1300       186
    14.1400       160
    14.1500       188
    14.1600       172
    14.1700       182
    14.1800       158
    14.1900       174
    14.2000       178
    14.2100       164
    14.2200       170
    14.2300       164
    14.2400       176
    14.2500       190
    14.2600       154
    14.2700       184
    14.2800       176
    14.2900       168
    14.3000       166
    14.3100       180
    14.3200       168
    14.3300       174
    14.3400       170
    14.3500       170
    14.3600       156
    14.3700       154
    14.3800       174
    14.3900       158
    14.4000       150
    14.4100       178
    14.4200       170
    14.4300       168
    14.4400       166
    14.4500       200
    14.4600       150
    14.4700       156
    14.4800       156
    14.4900       160
    14.5000       174
    14.5100       180
    14.5200       168
    14.5300       164
    14.5400       174
    14.5500       178
    14.5600       168
    14.5700       178
    14.5800       152
    14.5900       180
    14.6000       170
    14.6100       174
    14.6200       168
    14.6300       162
    14.6400       180
    14.6500       176
    14.6600       182
    14.6700       158
    14.6800       154
    14.6900       152
    14.7000       192
    14.7100       140
    14.7200       172
    14.7300       182
    14.7400       178
    14.7500       172
    14.7600       196
    14.7700       172
    14.7800       190
    14.7900       200
    14.8000       176
    14.8100       184
    14.8200       184
    14.8300       174
    14.8400       162
    14.8500       170
    14.8600       180
    14.8700       176
    14.8800       176
    14.8900       144
    14.9000       190
    14.9100       176
    14.9200       192
    14.9300       178
    14.9400       176
    14.9500       196
    14.9600       184
    14.9700       204
    14.9800       186
    14.9900       228
    15.0000       188
    15.0100       194
    15.0200       210
    15.0300       234
    15.0400       214
    15.0500       252
    15.0600       248
    15.0700       250
    15.0800       260
    15.0900       234
    15.1000       206
    15.1100       254
    15.1200       238
    15.1300       250
    15.1400       232
    15.1500       208
    15.1600       206
    15.1700       208
    15.1800       202
    15.1900       204
    15.2000       218
    15.2100       202
    15.2200       206
    15.2300       180
    15.2400       176
    15.2500       196
    15.2600       176
    15.2700       166
    15.2800       200
    15.2900       174
    15.3000       186
    15.3100       168
    15.3200       180
    15.3300       158
    15.3400       164
    15.3500       190
    15.3600       172
    15.3700       158
    15.3800       170
    15.3900       176
    15.4000       152
    15.4100       160
    15.4200       178
    15.4300       142
    15.4400       154
    15.4500       154
    15.4600       152
    15.4700       170
    15.4800       144
    15.4900       154
    15.5000       142
    15.5100       184
    15.5200       168
    15.5300       150
    15.5400       150
    15.5500       190
    15.5600       170
    15.5700       172
    15.5800       174
    15.5900       158
    15.6000       190
    15.6100       152
    15.6200       166
    15.6300       150
    15.6400       144
    15.6500       190
    15.6600       188
    15.6700       160
    15.6800       158
    15.6900       176
    15.7000       186
    15.7100       164
    15.7200       156
    15.7300       168
    15.7400       162
    15.7500       194
    15.7600       152
    15.7700       172
    15.7800       164
    15.7900       208
    15.8000       194
    15.8100       194
    15.8200       196
    15.8300       180
    15.8400       230
    15.8500       238
    15.8600       202
    15.8700       228
    15.8800       252
    15.8900       286
    15.9000       284
    15.9100       344
    15.9200       360
    15.9300       352
    15.9400       376
    15.9500       362
    15.9600       342
    15.9700       344
    15.9800       302
    15.9900       276
    16.0000       290
    16.0100       244
    16.0200       218
    16.0300       190
    16.0400       206
    16.0500       188
    16.0600       184
    16.0700       206
    16.0800       204
    16.0900       176
    16.1000       190
    16.1100       176
    16.1200       182
    16.1300       178
    16.1400       176
    16.1500       160
    16.1600       174
    16.1700       198
    16.1800       156
    16.1900       172
    16.2000       164
    16.2100       170
    16.2200       176
    16.2300       154
    16.2400       172
    16.2500       164
    16.2600       144
    16.2700       158
    16.2800       162
    16.2900       168
    16.3000       152
    16.3100       182
    16.3200       146
    16.3300       162
    16.3400       154
    16.3500       156
    16.3600       144
    16.3700       154
    16.3800       164
    16.3900       176
    16.4000       160
    16.4100       150
    16.4200       146
    16.4300       156
    16.4400       150
    16.4500       146
    16.4600       152
    16.4700       158
    16.4800       156
    16.4900       170
    16.5000       152
    16.5100       140
    16.5200       162
    16.5300       164
    16.5400       150
    16.5500       134
    16.5600       168
    16.5700       178
    16.5800       168
    16.5900       152
    16.6000       202
    16.6100       148
    16.6200       166
    16.6300       162
    16.6400       168
    16.6500       152
    16.6600       164
    16.6700       146
    16.6800       162
    16.6900       154
    16.7000       160
    16.7100       112
    16.7200       176
    16.7300       156
    16.7400       154
    16.7500       158
    16.7600       154
    16.7700       152
    16.7800       160
    16.7900       152
    16.8000       156
    16.8100       154
    16.8200       170
    16.8300       152
    16.8400       142
    16.8500       180
    16.8600       168
    16.8700       166
    16.8800       162
    16.8900       152
    16.9000       150
    16.9100       152
    16.9200       174
    16.9300       168
    16.9400       182
    16.9500       164
    16.9600       182
    16.9700       194
    16.9800       186
    16.9900       144
    17.0000       164
    17.0100       170
    17.0200       186
    17.0300       182
    17.0400       184
    17.0500       204
    17.0600       188
    17.0700       214
    17.0800       220
    17.0900       212
    17.1000       212
    17.1100       244
    17.1200       256
    17.1300       224
    17.1400       214
    17.1500       210
    17.1600       238
    17.1700       248
    17.1800       238
    17.1900       240
    17.2000       232
    17.2100       290
    17.2200       262
    17.2300       290
    17.2400       286
    17.2500       322
    17.2600       330
    17.2700       344
    17.2800       338
    17.2900       376
    17.3000       400
    17.3100       414
    17.3200       428
    17.3300       474
    17.3400       514
    17.3500       580
    17.3600       650
    17.3700       670
    17.3800       794
    17.3900       900
    17.4000      1028
    17.4100      1188
    17.4200      1450
    17.4300      1744
    17.4400      2102
    17.4500      2664
    17.4600      3496
    17.4700      4118
    17.4800      4666
    17.4900      4970
    17.5000      4920
    17.5100      4522
    17.5200      4104
    17.5300      3648
    17.5400      3168
    17.5500      2666
    17.5600      2134
    17.5700      1712
    17.5800      1362
    17.5900      1120
    17.6000       864
    17.6100       726
    17.6200       648
    17.6300       566
    17.6400       496
    17.6500       488
    17.6600       444
    17.6700       404
    17.6800       380
    17.6900       380
    17.7000       404
    17.7100       348
    17.7200       328
    17.7300       322
    17.7400       332
    17.7500       302
    17.7600       302
    17.7700       280
    17.7800       274
    17.7900       274
    17.8000       274
    17.8100       238
    17.8200       252
    17.8300       240
    17.8400       240
    17.8500       252
    17.8600       218
    17.8700       230
    17.8800       226
    17.8900       208
    17.9000       198
    17.9100       196
    17.9200       194
    17.9300       194
    17.9400       182
    17.9500       170
    17.9600       170
    17.9700       148
    17.9800       178
    17.9900       152
    18.0000       178
    18.0100       178
    18.0200       146
    18.0300       166
    18.0400       172
    18.0500       178
    18.0600       158
    18.0700       174
    18.0800       158
    18.0900       144
    18.1000       144
    18.1100       184
    18.1200       144
    18.1300       170
    18.1400       172
    18.1500       182
    18.1600       166
    18.1700       172
    18.1800       182
    18.1900       174
    18.2000       178
    18.2100       180
    18.2200       188
    18.2300       200
    18.2400       204
    18.2500       222
    18.2600       224
    18.2700       216
    18.2800       254
    18.2900       278
    18.3000       312
    18.3100       286
    18.3200       306
    18.3300       296
    18.3400       310
    18.3500       306
    18.3600       302
    18.3700       270
    18.3800       240
    18.3900       230
    18.4000       236
    18.4100       206
    18.4200       200
    18.4300       208
    18.4400       202
    18.4500       194
    18.4600       172
    18.4700       202
    18.4800       172
    18.4900       170
    18.5000       188
    18.5100       174
    18.5200       154
    18.5300       158
    18.5400       170
    18.5500       182
    18.5600       182
    18.5700       166
    18.5800       158
    18.5900       158
    18.6000       154
    18.6100       152
    18.6200       160
    18.6300       144
    18.6400       172
    18.6500       146
    18.6600       162
    18.6700       146
    18.6800       142
    18.6900       166
    18.7000       158
    18.7100       208
    18.7200       154
    18.7300       168
    18.7400       140
    18.7500       162
    18.7600       160
    18.7700       140
    18.7800       132
    18.7900       112
    18.8000       156
    18.8100       138
    18.8200       158
    18.8300       142
    18.8400       136
    18.8500       156
    18.8600       158
    18.8700       142
    18.8800       136
    18.8900       150
    18.9000       108
    18.9100       148
    18.9200       144
    18.9300       146
    18.9400       144
    18.9500       160
    18.9600       118
    18.9700       154
    18.9800       146
    18.9900       150
    19.0000       138
    19.0100       148
    19.0200       160
    19.0300       130
    19.0400       154
    19.0500       150
    19.0600       158
    19.0700       166
    19.0800       132
    19.0900       136
    19.1000       160
    19.1100       154
    19.1200       142
    19.1300       150
    19.1400       152
    19.1500       154
    19.1600       170
    19.1700       146
    19.1800       176
    19.1900       162
    19.2000       168
    19.2100       152
    19.2200       156
    19.2300       182
    19.2400       168
    19.2500       174
    19.2600       170
    19.2700       166
    19.2800       178
    19.2900       188
    19.3000       174
    19.3100       210
    19.3200       178
    19.3300       188
    19.3400       192
    19.3500       192
    19.3600       188
    19.3700       208
    19.3800       212
    19.3900       218
    19.4000       260
    19.4100       262
    19.4200       302
    19.4300       280
    19.4400       274
    19.4500       292
    19.4600       316
    19.4700       378
    19.4800       336
    19.4900       316
    19.5000       326
    19.5100       382
    19.5200       368
    19.5300       374
    19.5400       372
    19.5500       410
    19.5600       422
    19.5700       424
    19.5800       448
    19.5900       404
    19.6000       518
    19.6100       480
    19.6200       480
    19.6300       552
    19.6400       576
    19.6500       592
    19.6600       608
    19.6700       658
    19.6800       684
    19.6900       650
    19.7000       768
    19.7100       774
    19.7200       898
    19.7300       932
    19.7400       986
    19.7500      1050
    19.7600      1100
    19.7700      1248
    19.7800      1276
    19.7900      1516
    19.8000      1628
    19.8100      1792
    19.8200      2034
    19.8300      2294
    19.8400      2540
    19.8500      2812
    19.8600      3126
    19.8700      3722
    19.8800      4176
    19.8900      4722
    19.9000      5432
    19.9100      6240
    19.9200      6982
    19.9300      8190
    19.9400      9288
    19.9500     10302
    19.9600     11164
    19.9700     12002
    19.9800     12668
    19.9900     12770
    20.0000     12650
    20.0100     12594
    20.0200     12198
    20.0300     11616
    20.0400     10746
    20.0500     10104
    20.0600      8940
    20.0700      8076
    20.0800      6964
    20.0900      6182
    20.1000      5506
    20.1100      4728
    20.1200      4196
    20.1300      3610
    20.1400      3182
    20.1500      2746
    20.1600      2618
    20.1700      2298
    20.1800      2134
    20.1900      2024
    20.2000      1832
    20.2100      1746
    20.2200      1650
    20.2300      1548
    20.2400      1506
    20.2500      1486
    20.2600      1330
    20.2700      1366
    20.2800      1240
    20.2900      1252
    20.3000      1126
    20.3100      1092
    20.3200      1024
    20.3300       900
    20.3400       862
    20.3500       876
    20.3600       804
    20.3700       778
    20.3800       672
    20.3900       644
    20.4000       598
    20.4100       502
    20.4200       462
    20.4300       432
    20.4400       360
    20.4500       376
    20.4600       342
    20.4700       292
    20.4800       294
    20.4900       270
    20.5000       260
    20.5100       258
    20.5200       228
    20.5300       234
    20.5400       220
    20.5500       202
    20.5600       200
    20.5700       216
    20.5800       198
    20.5900       196
    20.6000       180
    20.6100       194
    20.6200       176
    20.6300       196
    20.6400       164
    20.6500       194
    20.6600       184
    20.6700       148
    20.6800       178
    20.6900       168
    20.7000       152
    20.7100       156
    20.7200       148
    20.7300       158
    20.7400       142
    20.7500       162
    20.7600       146
    20.7700       144
    20.7800       148
    20.7900       156
    20.8000       158
    20.8100       168
    20.8200       158
    20.8300       136
    20.8400       142
    20.8500       166
    20.8600       118
    20.8700       150
    20.8800       124
    20.8900       136
    20.9000       142
    20.9100       138
    20.9200       146
    20.9300       144
    20.9400       120
    20.9500       158
    20.9600       144
    20.9700       166
    20.9800       138
    20.9900       146
    21.0000       152
    21.0100       138
    21.0200       140
    21.0300       170
    21.0400       152
    21.0500       146
    21.0600       138
    21.0700       138
    21.0800       158
    21.0900       154
    21.1000       156
    21.1100       140
    21.1200       148
    21.1300       184
    21.1400       172
    21.1500       154
    21.1600       146
    21.1700       156
    21.1800       186
    21.1900       188
    21.2000       170
    21.2100       180
    21.2200       192
    21.2300       206
    21.2400       196
    21.2500       206
    21.2600       220
    21.2700       224
    21.2800       258
    21.2900       260
    21.3000       274
    21.3100       272
    21.3200       326
    21.3300       320
    21.3400       366
    21.3500       414
    21.3600       430
    21.3700       436
    21.3800       508
    21.3900       570
    21.4000       572
    21.4100       626
    21.4200       638
    21.4300       688
    21.4400       652
    21.4500       682
    21.4600       722
    21.4700       668
    21.4800       682
    21.4900       678
    21.5000       642
    21.5100       660
    21.5200       624
    21.5300       574
    21.5400       562
    21.5500       482
    21.5600       520
    21.5700       444
    21.5800       404
    21.5900       428
    21.6000       342
    21.6100       400
    21.6200       336
    21.6300       354
    21.6400       360
    21.6500       348
    21.6600       344
    21.6700       336
    21.6800       318
    21.6900       262
    21.7000       336
    21.7100       318
    21.7200       270
    21.7300       290
    21.7400       276
    21.7500       304
    21.7600       260
    21.7700       256
    21.7800       270
    21.7900       240
    21.8000       214
    21.8100       222
    21.8200       194
    21.8300       196
    21.8400       206
    21.8500       188
    21.8600       180
    21.8700       172
    21.8800       138
    21.8900       144
    21.9000       140
    21.9100       120
    21.9200       126
    21.9300       142
    21.9400       132
    21.9500       132
    21.9600       142
    21.9700       158
    21.9800       126
    21.9900       118
    22.0000       114
    22.0100       110
    22.0200       116
    22.0300       112
    22.0400       116
    22.0500       120
    22.0600       126
    22.0700       126
    22.0800       114
    22.0900       130
    22.1000       124
    22.1100       108
    22.1200       110
    22.1300       126
    22.1400       124
    22.1500       110
    22.1600       104
    22.1700        98
    22.1800       128
    22.1900       138
    22.2000       128
    22.2100       124
    22.2200       100
    22.2300       116
    22.2400       126
    22.2500       120
    22.2600       114
    22.2700       108
    22.2800       122
    22.2900       114
    22.3000       126
    22.3100       120
    22.3200       124
    22.3300       110
    22.3400       132
    22.3500       114
    22.3600       106
    22.3700       108
    22.3800       110
    22.3900       112
    22.4000       124
    22.4100       118
    22.4200       100
    22.4300       114
    22.4400       110
    22.4500       110
    22.4600       122
    22.4700       110
    22.4800       118
    22.4900       110
    22.5000        94
    22.5100        94
    22.5200       126
    22.5300       108
    22.5400        94
    22.5500       116
    22.5600       104
    22.5700       118
    22.5800       104
    22.5900        94
    22.6000       114
    22.6100       120
    22.6200        96
    22.6300       112
    22.6400       122
    22.6500       120
    22.6600       122
    22.6700       136
    22.6800        82
    22.6900       108
    22.7000       104
    22.7100       106
    22.7200       120
    22.7300       116
    22.7400        82
    22.7500       114
    22.7600        92
    22.7700       108
    22.7800        84
    22.7900       100
    22.8000       112
    22.8100       114
    22.8200       106
    22.8300        98
    22.8400        86
    22.8500        98
    22.8600       104
    22.8700       110
    22.8800        98
    22.8900       100
    22.9000        88
    22.9100       106
    22.9200       116
    22.9300       100
    22.9400       100
    22.9500       102
    22.9600       110
    22.9700        90
    22.9800       104
    22.9900       114
    23.0000        96
    23.0100       108
    23.0200       100
    23.0300       108
    23.0400       116
    23.0500        84
    23.0600        84
    23.0700       110
    23.0800        98
    23.0900        98
    23.1000       100
    23.1100        82
    23.1200       100
    23.1300        94
    23.1400        96
    23.1500       120
    23.1600        98
    23.1700        90
    23.1800        98
    23.1900       104
    23.2000       104
    23.2100       112
    23.2200        92
    23.2300       104
    23.2400       112
    23.2500       102
    23.2600        96
    23.2700       100
    23.2800       110
    23.2900        92
    23.3000        88
    23.3100       100
    23.3200       106
    23.3300        98
    23.3400        88
    23.3500        90
    23.3600        84
    23.3700        98
    23.3800       104
    23.3900        92
    23.4000       108
    23.4100        96
    23.4200       110
    23.4300       132
    23.4400       104
    23.4500       112
    23.4600       112
    23.4700       136
    23.4800       104
    23.4900       108
    23.5000       106
    23.5100       102
    23.5200        92
    23.5300       118
    23.5400        86
    23.5500       102
    23.5600       114
    23.5700       124
    23.5800       118
    23.5900       108
    23.6000       110
    23.6100       132
    23.6200       106
    23.6300       118
    23.6400       126
    23.6500       122
    23.6600       110
    23.6700       122
    23.6800       152
    23.6900       150
    23.7000       148
    23.7100       152
    23.7200       164
    23.7300       156
    23.7400       186
    23.7500       184
    23.7600       190
    23.7700       168
    23.7800       192
    23.7900       202
    23.8000       210
    23.8100       204
    23.8200       212
    23.8300       230
    23.8400       192
    23.8500       236
    23.8600       248
    23.8700       234
    23.8800       276
    23.8900       256
    23.9000       266
    23.9100       270
    23.9200       308
    23.9300       340
    23.9400       346
    23.9500       332
    23.9600       392
    23.9700       464
    23.9800       452
    23.9900       574
    24.0000       580
    24.0100       686
    24.0200       754
    24.0300       842
    24.0400       966
    24.0500      1086
    24.0600      1314
    24.0700      1550
    24.0800      1794
    24.0900      2214
    24.1000      2608
    24.1100      3258
    24.1200      3740
    24.1300      4230
    24.1400      4892
    24.1500      4890
    24.1600      4954
    24.1700      4782
    24.1800      4512
    24.1900      4374
    24.2000      3964
    24.2100      3726
    24.2200      3354
    24.2300      2848
    24.2400      2498
    24.2500      2134
    24.2600      1816
    24.2700      1490
    24.2800      1224
    24.2900      1122
    24.3000       902
    24.3100       842
    24.3200       762
    24.3300       692
    24.3400       590
    24.3500       608
    24.3600       548
    24.3700       550
    24.3800       522
    24.3900       496
    24.4000       500
    24.4100       450
    24.4200       456
    24.4300       432
    24.4400       400
    24.4500       384
    24.4600       400
    24.4700       376
    24.4800       332
    24.4900       304
    24.5000       322
    24.5100       280
    24.5200       302
    24.5300       284
    24.5400       284
    24.5500       224
    24.5600       244
    24.5700       236
    24.5800       210
    24.5900       218
    24.6000       182
    24.6100       192
    24.6200       190
    24.6300       176
    24.6400       178
    24.6500       174
    24.6600       158
    24.6700       180
    24.6800       180
    24.6900       190
    24.7000       156
    24.7100       198
    24.7200       188
    24.7300       164
    24.7400       140
    24.7500       148
    24.7600       156
    24.7700       166
    24.7800       186
    24.7900       122
    24.8000       144
    24.8100       154
    24.8200       148
    24.8300       142
    24.8400       164
    24.8500       140
    24.8600       152
    24.8700       162
    24.8800       158
    24.8900       150
    24.9000       134
    24.9100       170
    24.9200       172
    24.9300       154
    24.9400       162
    24.9500       164
    24.9600       162
    24.9700       172
    24.9800       174
    24.9900       172
    25.0000       168
    25.0100       188
    25.0200       210
    25.0300       224
    25.0400       206
    25.0500       262
    25.0600       262
    25.0700       272
    25.0800       294
    25.0900       316
    25.1000       378
    25.1100       398
    25.1200       406
    25.1300       422
    25.1400       444
    25.1500       492
    25.1600       474
    25.1700       448
    25.1800       440
    25.1900       404
    25.2000       420
    25.2100       392
    25.2200       376
    25.2300       318
    25.2400       348
    25.2500       310
    25.2600       260
    25.2700       258
    25.2800       246
    25.2900       228
    25.3000       242
    25.3100       226
    25.3200       248
    25.3300       234
    25.3400       208
    25.3500       216
    25.3600       218
    25.3700       206
    25.3800       210
    25.3900       200
    25.4000       210
    25.4100       196
    25.4200       218
    25.4300       222
    25.4400       202
    25.4500       182
    25.4600       214
    25.4700       194
    25.4800       178
    25.4900       166
    25.5000       180
    25.5100       182
    25.5200       212
    25.5300       182
    25.5400       166
    25.5500       160
    25.5600       152
    25.5700       154
    25.5800       130
    25.5900       136
    25.6000       144
    25.6100       162
    25.6200       160
    25.6300       168
    25.6400       144
    25.6500       148
    25.6600       146
    25.6700       142
    25.6800       122
    25.6900       128
    25.7000       160
    25.7100       154
    25.7200       144
    25.7300       170
    25.7400       164
    25.7500       154
    25.7600       164
    25.7700       166
    25.7800       178
    25.7900       154
    25.8000       200
    25.8100       198
    25.8200       198
    25.8300       224
    25.8400       242
    25.8500       240
    25.8600       278
    25.8700       258
    25.8800       258
    25.8900       282
    25.9000       260
    25.9100       292
    25.9200       288
    25.9300       302
    25.9400       302
    25.9500       276
    25.9600       310
    25.9700       344
    25.9800       324
    25.9900       282
    26.0000       308
    26.0100       310
    26.0200       340
    26.0300       350
    26.0400       392
    26.0500       384
    26.0600       444
    26.0700       408
    26.0800       436
    26.0900       478
    26.1000       472
    26.1100       508
    26.1200       484
    26.1300       534
    26.1400       516
    26.1500       550
    26.1600       548
    26.1700       588
    26.1800       576
    26.1900       666
    26.2000       678
    26.2100       694
    26.2200       698
    26.2300       760
    26.2400       818
    26.2500       876
    26.2600       870
    26.2700       944
    26.2800       988
    26.2900      1112
    26.3000      1158
    26.3100      1352
    26.3200      1470
    26.3300      1644
    26.3400      1750
    26.3500      1968
    26.3600      2182
    26.3700      2430
    26.3800      2690
    26.3900      2986
    26.4000      3276
    26.4100      3676
    26.4200      4282
    26.4300      5002
    26.4400      5746
    26.4500      6954
    26.4600      8406
    26.4700     10444
    26.4800     13216
    26.4900     16466
    26.5000     19166
    26.5100     20974
    26.5200     21336
    26.5300     20098
    26.5400     18142
    26.5500     16342
    26.5600     14994
    26.5700     14020
    26.5800     13584
    26.5900     12688
    26.6000     11160
    26.6100      9022
    26.6200      7240
    26.6300      5592
    26.6400      4510
    26.6500      3676
    26.6600      3172
    26.6700      2800
    26.6800      2432
    26.6900      2152
    26.7000      1880
    26.7100      1698
    26.7200      1554
    26.7300      1426
    26.7400      1422
    26.7500      1206
    26.7600      1224
    26.7700      1170
    26.7800      1126
    26.7900       996
    26.8000      1030
    26.8100       952
    26.8200       872
    26.8300       892
    26.8400       788
    26.8500       766
    26.8600       752
    26.8700       646
    26.8800       628
    26.8900       602
    26.9000       552
    26.9100       474
    26.9200       448
    26.9300       426
    26.9400       368
    26.9500       354
    26.9600       346
    26.9700       284
    26.9800       290
    26.9900       260
    27.0000       254
    27.0100       266
    27.0200       208
    27.0300       236
    27.0400       220
    27.0500       214
    27.0600       202
    27.0700       206
    27.0800       182
    27.0900       196
    27.1000       176
    27.1100       188
    27.1200       166
    27.1300       156
    27.1400       164
    27.1500       144
    27.1600       160
    27.1700       168
    27.1800       146
    27.1900       144
    27.2000       150
    27.2100       112
    27.2200       174
    27.2300       134
    27.2400       138
    27.2500       136
    27.2600       128
    27.2700       134
    27.2800       138
    27.2900       142
    27.3000       136
    27.3100       104
    27.3200       116
    27.3300       110
    27.3400       114
    27.3500       132
    27.3600        90
    27.3700       112
    27.3800       108
    27.3900       122
    27.4000       114
    27.4100       116
    27.4200       114
    27.4300       118
    27.4400       130
    27.4500       122
    27.4600       142
    27.4700       156
    27.4800       142
    27.4900       134
    27.5000       130
    27.5100       126
    27.5200       150
    27.5300       144
    27.5400       108
    27.5500       124
    27.5600       120
    27.5700       120
    27.5800       128
    27.5900       114
    27.6000       126
    27.6100       126
    27.6200       112
    27.6300       118
    27.6400       134
    27.6500       122
    27.6600       140
    27.6700       122
    27.6800       126
    27.6900       136
    27.7000       118
    27.7100       134
    27.7200       144
    27.7300       120
    27.7400       152
    27.7500       154
    27.7600       150
    27.7700       158
    27.7800       168
    27.7900       202
    27.8000       156
    27.8100       162
    27.8200       172
    27.8300       168
    27.8400       164
    27.8500       156
    27.8600       168
    27.8700       150
    27.8800       132
    27.8900       148
    27.9000       128
    27.9100       130
    27.9200       126
    27.9300       122
    27.9400       130
    27.9500       132
    27.9600       136
    27.9700       106
    27.9800       100
    27.9900       102
    28.0000       102
    28.0100       116
    28.0200       112
    28.0300       112
    28.0400       114
    28.0500       102
    28.0600        96
    28.0700       130
    28.0800       108
    28.0900        96
    28.1000        92
    28.1100        94
    28.1200       108
    28.1300       106
    28.1400       104
    28.1500        90
    28.1600       102
    28.1700       114
    28.1800       110
    28.1900        86
    28.2000        98
    28.2100       106
    28.2200       104
    28.2300       118
    28.2400        96
    28.2500        86
    28.2600       108
    28.2700        82
    28.2800       116
    28.2900        92
    28.3000        88
    28.3100       100
    28.3200       104
    28.3300       106
    28.3400       106
    28.3500       112
    28.3600       112
    28.3700       118
    28.3800       110
    28.3900       106
    28.4000       118
    28.4100       114
    28.4200       136
    28.4300       134
    28.4400       130
    28.4500       160
    28.4600       148
    28.4700       158
    28.4800       172
    28.4900       222
    28.5000       208
    28.5100       256
    28.5200       284
    28.5300       302
    28.5400       316
    28.5500       364
    28.5600       372
    28.5700       420
    28.5800       452
    28.5900       446
    28.6000       494
    28.6100       550
    28.6200       516
    28.6300       524
    28.6400       508
    28.6500       518
    28.6600       546
    28.6700       532
    28.6800       504
    28.6900       530
    28.7000       494
    28.7100       470
    28.7200       438
    28.7300       442
    28.7400       382
    28.7500       406
    28.7600       378
    28.7700       324
    28.7800       342
    28.7900       296
    28.8000       288
    28.8100       282
    28.8200       244
    28.8300       226
    28.8400       196
    28.8500       212
    28.8600       176
    28.8700       212
    28.8800       180
    28.8900       202
    28.9000       166
    28.9100       176
    28.9200       158
    28.9300       158
    28.9400       142
    28.9500       130
    28.9600       130
    28.9700       142
    28.9800       130
    28.9900       150
    29.0000       128
    29.0100       116
    29.0200       118
    29.0300       138
    29.0400       128
    29.0500       116
    29.0600       118
    29.0700       108
    29.0800       110
    29.0900       106
    29.1000       120
    29.1100       108
    29.1200       112
    29.1300        82
    29.1400        94
    29.1500        92
    29.1600        86
    29.1700        90
    29.1800        90
    29.1900       108
    29.2000        94
    29.2100        94
    29.2200        76
    29.2300        78
    29.2400        88
    29.2500        90
    29.2600        70
    29.2700        68
    29.2800        78
    29.2900        76
    29.3000        78
    29.3100        84
    29.3200        84
    29.3300       112
    29.3400        86
    29.3500        90
    29.3600        98
    29.3700       102
    29.3800        90
    29.3900       106
    29.4000        82
    29.4100       104
    29.4200        90
    29.4300        82
    29.4400        90
    29.4500        72
    29.4600        90
    29.4700        84
    29.4800        86
    29.4900        86
    29.5000        78
    29.5100        92
    29.5200        78
    29.5300        82
    29.5400        96
    29.5500        82
    29.5600        82
    29.5700        96
    29.5800        74
    29.5900        84
    29.6000       100
    29.6100        96
    29.6200        82
    29.6300        96
    29.6400        82
    29.6500        80
    29.6600        74
    29.6700        76
    29.6800        76
    29.6900        88
    29.7000        86
    29.7100        72
    29.7200       100
    29.7300        86
    29.7400        84
    29.7500        88
    29.7600        84
    29.7700        74
    29.7800        80
    29.7900       100
    29.8000        94
    29.8100        78
    29.8200        66
    29.8300        84
    29.8400        90
    29.8500        92
    29.8600        78
    29.8700        84
    29.8800        86
    29.8900        94
    29.9000        80
    29.9100        88
    29.9200        76
    29.9300        70
    29.9400        96
    29.9500        82
    29.9600        68
    29.9700        76
    29.9800        88
    29.9900        80
    30.0000       100
    30.0100        94
    30.0200        84
    30.0300        88
    30.0400        82
    30.0500        90
    30.0600        84
    30.0700        90
    30.0800        88
    30.0900        90
    30.1000        90
    30.1100       102
    30.1200       102
    30.1300       102
    30.1400       102
    30.1500       124
    30.1600       118
    30.1700       130
    30.1800       116
    30.1900       110
    30.2000       128
    30.2100       128
    30.2200       116
    30.2300       132
    30.2400       122
    30.2500       154
    30.2600       126
    30.2700       122
    30.2800       114
    30.2900       136
    30.3000       130
    30.3100       120
    30.3200       114
    30.3300        96
    30.3400       112
    30.3500       104
    30.3600       114
    30.3700       102
    30.3800       100
    30.3900       104
    30.4000        98
    30.4100       100
    30.4200        98
    30.4300        94
    30.4400       108
    30.4500        86
    30.4600        94
    30.4700        76
    30.4800        86
    30.4900       106
    30.5000        72
    30.5100       110
    30.5200        92
    30.5300        84
    30.5400       114
    30.5500       110
    30.5600       120
    30.5700       114
    30.5800       128
    30.5900       110
    30.6000       128
    30.6100       130
    30.6200       158
    30.6300       156
    30.6400       174
    30.6500       166
    30.6600       202
    30.6700       200
    30.6800       212
    30.6900       248
    30.7000       254
    30.7100       294
    30.7200       262
    30.7300       302
    30.7400       298
    30.7500       322
    30.7600       310
    30.7700       314
    30.7800       280
    30.7900       288
    30.8000       280
    30.8100       278
    30.8200       268
    30.8300       244
    30.8400       254
    30.8500       222
    30.8600       236
    30.8700       236
    30.8800       204
    30.8900       170
    30.9000       194
    30.9100       160
    30.9200       212
    30.9300       180
    30.9400       188
    30.9500       188
    30.9600       164
    30.9700       180
    30.9800       156
    30.9900       152
    31.0000       178
    31.0100       152
    31.0200       132
    31.0300       144
    31.0400       118
    31.0500       128
    31.0600       154
    31.0700       116
    31.0800       102
    31.0900       136
    31.1000       114
    31.1100       118
    31.1200        92
    31.1300        86
    31.1400       110
    31.1500        88
    31.1600        96
    31.1700        88
    31.1800        80
    31.1900        90
    31.2000        82
    31.2100        70
    31.2200        86
    31.2300        80
    31.2400        88
    31.2500        90
    31.2600        48
    31.2700        80
    31.2800        70
    31.2900        80
    31.3000        76
    31.3100        74
    31.3200        64
    31.3300        82
    31.3400        64
    31.3500        76
    31.3600        78
    31.3700        72
    31.3800        60
    31.3900        68
    31.4000        54
    31.4100        70
    31.4200        68
    31.4300        76
    31.4400        68
    31.4500        60
    31.4600        62
    31.4700        64
    31.4800        76
    31.4900        66
    31.5000        70
    31.5100        60
    31.5200        66
    31.5300        62
    31.5400        60
    31.5500        62
    31.5600        68
    31.5700        56
    31.5800        68
    31.5900        60
    31.6000        66
    31.6100        66
    31.6200        58
    31.6300        66
    31.6400        84
    31.6500        66
    31.6600        66
    31.6700        62
    31.6800        66
    31.6900        64
    31.7000        74
    31.7100        78
    31.7200        64
    31.7300        76
    31.7400        64
    31.7500        64
    31.7600        72
    31.7700        84
    31.7800        64
    31.7900        76
    31.8000        66
    31.8100        86
    31.8200        78
    31.8300        82
    31.8400        80
    31.8500        86
    31.8600        68
    31.8700        64
    31.8800        76
    31.8900        90
    31.9000        84
    31.9100        74
    31.9200        84
    31.9300        78
    31.9400        74
    31.9500        86
    31.9600        82
    31.9700        96
    31.9800       100
    31.9900        84
    32.0000        98
    32.0100       108
    32.0200       128
    32.0300       108
    32.0400       130
    32.0500       118
    32.0600       144
    32.0700       154
    32.0800       152
    32.0900       176
    32.1000       156
    32.1100       188
    32.1200       194
    32.1300       182
    32.1400       172
    32.1500       206
    32.1600       194
    32.1700       194
    32.1800       182
    32.1900       210
    32.2000       188
    32.2100       208
    32.2200       190
    32.2300       188
    32.2400       172
    32.2500       182
    32.2600       204
    32.2700       178
    32.2800       182
    32.2900       190
    32.3000       174
    32.3100       186
    32.3200       194
    32.3300       214
    32.3400       192
    32.3500       202
    32.3600       216
    32.3700       198
    32.3800       240
    32.3900       254
    32.4000       286
    32.4100       262
    32.4200       306
    32.4300       338
    32.4400       426
    32.4500       466
    32.4600       464
    32.4700       512
    32.4800       616
    32.4900       614
    32.5000       622
    32.5100       664
    32.5200       656
    32.5300       616
    32.5400       560
    32.5500       570
    32.5600       572
    32.5700       506
    32.5800       514
    32.5900       468
    32.6000       482
    32.6100       416
    32.6200       396
    32.6300       384
    32.6400       318
    32.6500       320
    32.6600       272
    32.6700       270
    32.6800       248
    32.6900       246
    32.7000       252
    32.7100       210
    32.7200       216
    32.7300       204
    32.7400       232
    32.7500       194
    32.7600       214
    32.7700       184
    32.7800       192
    32.7900       188
    32.8000       162
    32.8100       186
    32.8200       170
    32.8300       164
    32.8400       190
    32.8500       168
    32.8600       160
    32.8700       162
    32.8800       140
    32.8900       142
    32.9000       144
    32.9100       162
    32.9200       120
    32.9300       144
    32.9400       140
    32.9500       140
    32.9600       134
    32.9700       154
    32.9800       130
    32.9900       130
    33.0000       124
    33.0100       142
    33.0200       120
    33.0300       134
    33.0400       124
    33.0500       152
    33.0600       130
    33.0700       140
    33.0800       118
    33.0900       154
    33.1000       130
    33.1100       144
    33.1200       118
    33.1300       142
    33.1400       126
    33.1500       132
    33.1600       156
    33.1700       120
    33.1800       142
    33.1900       154
    33.2000       134
    33.2100       132
    33.2200       124
    33.2300       114
    33.2400       100
    33.2500       132
    33.2600       148
    33.2700       130
    33.2800       126
    33.2900       128
    33.3000       144
    33.3100       146
    33.3200       100
    33.3300       112
    33.3400       108
    33.3500       120
    33.3600       112
    33.3700       112
    33.3800       104
    33.3900       108
    33.4000       112
    33.4100        94
    33.4200       122
    33.4300       114
    33.4400       124
    33.4500       116
    33.4600       128
    33.4700       118
    33.4800       120
    33.4900        90
    33.5000        98
    33.5100       112
    33.5200        84
    33.5300       110
    33.5400       100
    33.5500       116
    33.5600       108
    33.5700        96
    33.5800        96
    33.5900       106
    33.6000       102
    33.6100       102
    33.6200       110
    33.6300        96
    33.6400       132
    33.6500       132
    33.6600       128
    33.6700       116
    33.6800       110
    33.6900       126
    33.7000       122
    33.7100        92
    33.7200       108
    33.7300        92
    33.7400       112
    33.7500       114
    33.7600       128
    33.7700       112
    33.7800        96
    33.7900       104
    33.8000        96
    33.8100       108
    33.8200       116
    33.8300       110
    33.8400       128
    33.8500       112
    33.8600       116
    33.8700       122
    33.8800       108
    33.8900       120
    33.9000       118
    33.9100       144
    33.9200       134
    33.9300       148
    33.9400       130
    33.9500       142
    33.9600       134
    33.9700       156
    33.9800       146
    33.9900       140
    34.0000       178
    34.0100       142
    34.0200       186
    34.0300       166
    34.0400       170
    34.0500       164
    34.0600       180
    34.0700       162
    34.0800       156
    34.0900       160
    34.1000       136
    34.1100       144
    34.1200       134
    34.1300       144
    34.1400       140
    34.1500       136
    34.1600       140
    34.1700       124
    34.1800       128
    34.1900       114
    34.2000       116
    34.2100       122
    34.2200       114
    34.2300       110
    34.2400        96
    34.2500       128
    34.2600        94
    34.2700        90
    34.2800        98
    34.2900       114
    34.3000       114
    34.3100        98
    34.3200        76
    34.3300       106
    34.3400        86
    34.3500        98
    34.3600        80
    34.3700        78
    34.3800        92
    34.3900        94
    34.4000        80
    34.4100        84
    34.4200        72
    34.4300        72
    34.4400        90
    34.4500        76
    34.4600        76
    34.4700        70
    34.4800        82
    34.4900        52
    34.5000        72
    34.5100        76
    34.5200        60
    34.5300        76
    34.5400        62
    34.5500        78
    34.5600        86
    34.5700        82
    34.5800        62
    34.5900        58
    34.6000        64
    34.6100        58
    34.6200        60
    34.6300        60
    34.6400        62
    34.6500        64
    34.6600        60
    34.6700        72
    34.6800        74
    34.6900        66
    34.7000        64
    34.7100        56
    34.7200        74
    34.7300        74
    34.7400        76
    34.7500        76
    34.7600        56
    34.7700        78
    34.7800        62
    34.7900        66
    34.8000        58
    34.8100        90
    34.8200        92
    34.8300        90
    34.8400        98
    34.8500        90
    34.8600        88
    34.8700        80
    34.8800        80
    34.8900        78
    34.9000       112
    34.9100       102
    34.9200       102
    34.9300       102
    34.9400       104
    34.9500        92
    34.9600        88
    34.9700        80
    34.9800        80
    34.9900        92
    35.0000        90
    35.0100        82
    35.0200       102
    35.0300        98
    35.0400       108
    35.0500       120
    35.0600        80
    35.0700        86
    35.0800        84
    35.0900        92
    35.1000       104
    35.1100       108
    35.1200        96
    35.1300       100
    35.1400       124
    35.1500       138
    35.1600       110
    35.1700       132
    35.1800       154
    35.1900       160
    35.2000       176
    35.2100       180
    35.2200       178
    35.2300       198
    35.2400       184
    35.2500       226
    35.2600       202
    35.2700       184
    35.2800       212
    35.2900       168
    35.3000       204
    35.3100       174
    35.3200       172
    35.3300       184
    35.3400       172
    35.3500       158
    35.3600       178
    35.3700       158
    35.3800       132
    35.3900       142
    35.4000       138
    35.4100       140
    35.4200       160
    35.4300       140
    35.4400       116
    35.4500       140
    35.4600       144
    35.4700       154
    35.4800       152
    35.4900       178
    35.5000       184
    35.5100       174
    35.5200       188
    35.5300       176
    35.5400       166
    35.5500       214
    35.5600       190
    35.5700       232
    35.5800       240
    35.5900       236
    35.6000       278
    35.6100       286
    35.6200       316
    35.6300       334
    35.6400       334
    35.6500       420
    35.6600       488
    35.6700       546
    35.6800       756
    35.6900       810
    35.7000      1006
    35.7100      1102
    35.7200      1212
    35.7300      1176
    35.7400      1162
    35.7500      1028
    35.7600       930
    35.7700       802
    35.7800       766
    35.7900       712
    35.8000       764
    35.8100       756
    35.8200       716
    35.8300       708
    35.8400       574
    35.8500       504
    35.8600       418
    35.8700       360
    35.8800       326
    35.8900       258
    35.9000       228
    35.9100       226
    35.9200       196
    35.9300       222
    35.9400       188
    35.9500       192
    35.9600       168
    35.9700       160
    35.9800       176
    35.9900       160
    36.0000       154
    36.0100       150
    36.0200       124
    36.0300       116
    36.0400       130
    36.0500       122
    36.0600       122
    36.0700       122
    36.0800       108
    36.0900        94
    36.1000        94
    36.1100       114
    36.1200        96
    36.1300       108
    36.1400        78
    36.1500        98
    36.1600        86
    36.1700        96
    36.1800        86
    36.1900        62
    36.2000        90
    36.2100        72
    36.2200        80
    36.2300        72
    36.2400        88
    36.2500        76
    36.2600        94
    36.2700        92
    36.2800        94
    36.2900        78
    36.3000        86
    36.3100        80
    36.3200        98
    36.3300        72
    36.3400       100
    36.3500       106
    36.3600        64
    36.3700        94
    36.3800        76
    36.3900        90
    36.4000        76
    36.4100        90
    36.4200        98
    36.4300        82
    36.4400        86
    36.4500        66
    36.4600        86
    36.4700        76
    36.4800        76
    36.4900        72
    36.5000        84
    36.5100        76
    36.5200        96
    36.5300        72
    36.5400        88
    36.5500        94
    36.5600        70
    36.5700        96
    36.5800        94
    36.5900        74
    36.6000        80
    36.6100        82
    36.6200        74
    36.6300        92
    36.6400        92
    36.6500        76
    36.6600        84
    36.6700        76
    36.6800        70
    36.6900        88
    36.7000        84
    36.7100        82
    36.7200        72
    36.7300        86
    36.7400        70
    36.7500        82
    36.7600        92
    36.7700        92
    36.7800        80
    36.7900        86
    36.8000        78
    36.8100        90
    36.8200        78
    36.8300        94
    36.8400        80
    36.8500        82
    36.8600        92
    36.8700        70
    36.8800        84
    36.8900        72
    36.9000        80
    36.9100        70
    36.9200        74
    36.9300        82
    36.9400        82
    36.9500        86
    36.9600       104
    36.9700        88
    36.9800        80
    36.9900        84
    37.0000       102
    37.0100        96
    37.0200       112
    37.0300        76
    37.0400       102
    37.0500       118
    37.0600       112
    37.0700       126
    37.0800       132
    37.0900       120
    37.1000       154
    37.1100       148
    37.1200       162
    37.1300       188
    37.1400       210
    37.1500       226
    37.1600       198
    37.1700       274
    37.1800       306
    37.1900       276
    37.2000       330
    37.2100       328
    37.2200       336
    37.2300       370
    37.2400       374
    37.2500       406
    37.2600       438
    37.2700       414
    37.2800       404
    37.2900       404
    37.3000       456
    37.3100       448
    37.3200       480
    37.3300       500
    37.3400       476
    37.3500       508
    37.3600       514
    37.3700       530
    37.3800       546
    37.3900       482
    37.4000       600
    37.4100       690
    37.4200       656
    37.4300       652
    37.4400       776
    37.4500       778
    37.4600       882
    37.4700       926
    37.4800       902
    37.4900      1026
    37.5000      1072
    37.5100      1234
    37.5200      1404
    37.5300      1652
    37.5400      1944
    37.5500      2640
    37.5600      3406
    37.5700      4450
    37.5800      6212
    37.5900      8110
    37.6000     10442
    37.6100     12868
    37.6200     15322
    37.6300     17148
    37.6400     17814
    37.6500     17646
    37.6600     16190
    37.6700     14336
    37.6800     12176
    37.6900     10686
    37.7000      9502
    37.7100      9036
    37.7200      8858
    37.7300      8886
    37.7400      8818
    37.7500      8224
    37.7600      7406
    37.7700      6086
    37.7800      4958
    37.7900      3698
    37.8000      2628
    37.8100      1920
    37.8200      1386
    37.8300       970
    37.8400       752
    37.8500       592
    37.8600       454
    37.8700       472
    37.8800       374
    37.8900       298
    37.9000       268
    37.9100       262
    37.9200       214
    37.9300       222
    37.9400       208
    37.9500       186
    37.9600       184
    37.9700       158
    37.9800       146
    37.9900       146
    38.0000       142
    38.0100       130
    38.0200       114
    38.0300       136
    38.0400       116
    38.0500       116
    38.0600       124
    38.0700       126
    38.0800       100
    38.0900       100
    38.1000        84
    38.1100       104
    38.1200        90
    38.1300        90
    38.1400        80
    38.1500        84
    38.1600        74
    38.1700        98
    38.1800        88
    38.1900        88
    38.2000       104
    38.2100        98
    38.2200        86
    38.2300        84
    38.2400        76
    38.2500        86
    38.2600        66
    38.2700        68
    38.2800        74
    38.2900        80
    38.3000        80
    38.3100        90
    38.3200        74
    38.3300        80
    38.3400        74
    38.3500        82
    38.3600        68
    38.3700        86
    38.3800        64
    38.3900        84
    38.4000        68
    38.4100        76
    38.4200        70
    38.4300        68
    38.4400        62
    38.4500        56
    38.4600        50
    38.4700        72
    38.4800        62
    38.4900        62
    38.5000        68
    38.5100        62
    38.5200        56
    38.5300        76
    38.5400        56
    38.5500        52
    38.5600        58
    38.5700        58
    38.5800        66
    38.5900        62
    38.6000        44
    38.6100        62
    38.6200        56
    38.6300        52
    38.6400        54
    38.6500        66
    38.6600        52
    38.6700        54
    38.6800        64
    38.6900        48
    38.7000        42
    38.7100        42
    38.7200        46
    38.7300        44
    38.7400        64
    38.7500        64
    38.7600        54
    38.7700        58
    38.7800        74
    38.7900        60
    38.8000        46
    38.8100        48
    38.8200        44
    38.8300        58
    38.8400        48
    38.8500        56
    38.8600        54
    38.8700        60
    38.8800        60
    38.8900        48
    38.9000        50
    38.9100        62
    38.9200        54
    38.9300        58
    38.9400        58
    38.9500        48
    38.9600        46
    38.9700        52
    38.9800        54
    38.9900        50
    39.0000        62
    39.0100        64
    39.0200        54
    39.0300        40
    39.0400        52
    39.0500        62
    39.0600        44
    39.0700        50
    39.0800        56
    39.0900        64
    39.1000        52
    39.1100        66
    39.1200        54
    39.1300        68
    39.1400        50
    39.1500        48
    39.1600        56
    39.1700        60
    39.1800        46
    39.1900        46
    39.2000        54
    39.2100        56
    39.2200        58
    39.2300        60
    39.2400        46
    39.2500        72
    39.2600        60
    39.2700        58
    39.2800        68
    39.2900        52
    39.3000        50
    39.3100        58
    39.3200        62
    39.3300        60
    39.3400        58
    39.3500        74
    39.3600        52
    39.3700        66
    39.3800        62
    39.3900        38
    39.4000        70
    39.4100        54
    39.4200        66
    39.4300        48
    39.4400        64
    39.4500        50
    39.4600        74
    39.4700        64
    39.4800        54
    39.4900        52
    39.5000        62
    39.5100        52
    39.5200        60
    39.5300        62
    39.5400        46
    39.5500        80
    39.5600        78
    39.5700        50
    39.5800        62
    39.5900        66
    39.6000        58
    39.6100        70
    39.6200        66
    39.6300        62
    39.6400        66
    39.6500        52
    39.6600        50
    39.6700        68
    39.6800        72
    39.6900        54
    39.7000        44
    39.7100        56
    39.7200        56
    39.7300        60
    39.7400        74
    39.7500        82
    39.7600        62
    39.7700        64
    39.7800        78
    39.7900        76
    39.8000        88
    39.8100        78
    39.8200        74
    39.8300        82
    39.8400        84
    39.8500       100
    39.8600        76
    39.8700        62
    39.8800        74
    39.8900        90
    39.9000        72
    39.9100        82
    39.9200        78
    39.9300        78
    39.9400        84
    39.9500        66
    39.9600        84
    39.9700        62
    39.9800        70
    39.9900        66
    40.0000        78
    40.0100        82
    40.0200        84
    40.0300        72
    40.0400        66
    40.0500        76
    40.0600        90
    40.0700        82
    40.0800        78
    40.0900        76
    40.1000        86
    40.1100        76
    40.1200        80
    40.1300        72
    40.1400        72
    40.1500        68
    40.1600        84
    40.1700        80
    40.1800        80
    40.1900        84
    40.2000       106
    40.2100        84
    40.2200        96
    40.2300        86
    40.2400        90
    40.2500        90
    40.2600       102
    40.2700        78
    40.2800       104
    40.2900        94
    40.3000        86
    40.3100        62
    40.3200        88
    40.3300        98
    40.3400        86
    40.3500        94
    40.3600        92
    40.3700       100
    40.3800       102
    40.3900       110
    40.4000       116
    40.4100        92
    40.4200        98
    40.4300       118
    40.4400       116
    40.4500       114
    40.4600       132
    40.4700       136
    40.4800       126
    40.4900       148
    40.5000       146
    40.5100       136
    40.5200       150
    40.5300       176
    40.5400       198
    40.5500       182
    40.5600       204
    40.5700       182
    40.5800       206
    40.5900       206
    40.6000       244
    40.6100       214
    40.6200       222
    40.6300       258
    40.6400       254
    40.6500       266
    40.6600       318
    40.6700       308
    40.6800       330
    40.6900       342
    40.7000       380
    40.7100       374
    40.7200       460
    40.7300       464
    40.7400       508
    40.7500       586
    40.7600       608
    40.7700       654
    40.7800       688
    40.7900       782
    40.8000       912
    40.8100       912
    40.8200      1014
    40.8300      1078
    40.8400      1286
    40.8500      1486
    40.8600      1596
    40.8700      1722
    40.8800      2022
    40.8900      2104
    40.9000      2340
    40.9100      2470
    40.9200      2720
    40.9300      2912
    40.9400      3034
    40.9500      3228
    40.9600      3366
    40.9700      3222
    40.9800      3346
    40.9900      3368
    41.0000      3540
    41.0100      3330
    41.0200      3268
    41.0300      3234
    41.0400      3260
    41.0500      3218
    41.0600      2934
    41.0700      2786
    41.0800      2678
    41.0900      2504
    41.1000      2374
    41.1100      2256
    41.1200      2084
    41.1300      1972
    41.1400      1890
    41.1500      1652
    41.1600      1592
    41.1700      1548
    41.1800      1400
    41.1900      1292
    41.2000      1234
    41.2100      1114
    41.2200      1016
    41.2300       920
    41.2400       908
    41.2500       774
    41.2600       750
    41.2700       764
    41.2800       764
    41.2900       696
    41.3000       586
    41.3100       592
    41.3200       560
    41.3300       530
    41.3400       528
    41.3500       480
    41.3600       498
    41.3700       426
    41.3800       414
    41.3900       382
    41.4000       360
    41.4100       344
    41.4200       354
    41.4300       314
    41.4400       294
    41.4500       322
    41.4600       280
    41.4700       258
    41.4800       290
    41.4900       252
    41.5000       248
    41.5100       254
    41.5200       248
    41.5300       266
    41.5400       256
    41.5500       252
    41.5600       262
    41.5700       274
    41.5800       280
    41.5900       272
    41.6000       302
    41.6100       330
    41.6200       288
    41.6300       356
    41.6400       352
    41.6500       408
    41.6600       410
    41.6700       472
    41.6800       446
    41.6900       510
    41.7000       558
    41.7100       540
    41.7200       610
    41.7300       536
    41.7400       554
    41.7500       610
    41.7600       576
    41.7700       622
    41.7800       696
    41.7900       632
    41.8000       612
    41.8100       566
    41.8200       606
    41.8300       536
    41.8400       550
    41.8500       516
    41.8600       494
    41.8700       488
    41.8800       440
    41.8900       440
    41.9000       416
    41.9100       432
    41.9200       452
    41.9300       360
    41.9400       394
    41.9500       358
    41.9600       338
    41.9700       304
    41.9800       290
    41.9900       300
    42.0000       292
    42.0100       284
    42.0200       246
    42.0300       266
    42.0400       238
    42.0500       196
    42.0600       204
    42.0700       220
    42.0800       210
    42.0900       184
    42.1000       210
    42.1100       178
    42.1200       156
    42.1300       182
    42.1400       134
    42.1500       134
    42.1600       142
    42.1700       126
    42.1800       108
    42.1900       138
    42.2000       116
    42.2100       116
    42.2200        90
    42.2300       104
    42.2400        90
    42.2500        86
    42.2600       112
    42.2700        82
    42.2800        78
    42.2900        88
    42.3000        76
    42.3100        64
    42.3200        88
    42.3300        88
    42.3400        68
    42.3500        68
    42.3600        96
    42.3700        64
    42.3800        80
    42.3900        68
    42.4000        54
    42.4100        64
    42.4200        70
    42.4300        52
    42.4400        68
    42.4500        80
    42.4600        56
    42.4700        72
    42.4800        54
    42.4900        60
    42.5000        64
    42.5100        70
    42.5200        58
    42.5300        64
    42.5400        70
    42.5500        58
    42.5600        86
    42.5700        58
    42.5800        52
    42.5900        58
    42.6000        60
    42.6100        54
    42.6200        62
    42.6300        64
    42.6400        66
    42.6500        74
    42.6600        54
    42.6700        66
    42.6800        60
    42.6900        66
    42.7000        58
    42.7100        56
    42.7200        66
    42.7300        68
    42.7400        70
    42.7500        60
    42.7600        62
    42.7700        72
    42.7800        68
    42.7900        48
    42.8000        52
    42.8100        80
    42.8200        70
    42.8300        82
    42.8400        48
    42.8500        74
    42.8600        78
    42.8700        62
    42.8800        54
    42.8900        50
    42.9000        58
    42.9100        70
    42.9200        58
    42.9300        76
    42.9400        66
    42.9500        66
    42.9600        70
    42.9700        84
    42.9800        64
    42.9900        54
    43.0000        58
    43.0100        60
    43.0200        70
    43.0300        64
    43.0400        94
    43.0500        80
    43.0600        72
    43.0700        70
    43.0800        82
    43.0900        72
    43.1000        74
    43.1100        76
    43.1200        92
    43.1300        90
    43.1400       106
    43.1500       106
    43.1600       106
    43.1700       116
    43.1800       108
    43.1900       100
    43.2000       144
    43.2100       136
    43.2200       126
    43.2300       144
    43.2400       142
    43.2500       134
    43.2600       146
    43.2700       142
    43.2800       122
    43.2900       152
    43.3000       160
    43.3100       136
    43.3200       150
    43.3300       136
    43.3400       136
    43.3500       118
    43.3600       104
    43.3700       134
    43.3800       132
    43.3900       120
    43.4000       126
    43.4100       118
    43.4200       110
    43.4300       114
    43.4400       108
    43.4500       116
    43.4600       122
    43.4700        98
    43.4800        98
    43.4900       112
    43.5000       106
    43.5100        80
    43.5200        88
    43.5300        88
    43.5400       102
    43.5500       106
    43.5600       102
    43.5700       112
    43.5800        92
    43.5900       110
    43.6000        92
    43.6100        90
    43.6200       102
    43.6300        94
    43.6400        98
    43.6500       104
    43.6600       108
    43.6700       104
    43.6800       102
    43.6900       114
    43.7000       116
    43.7100       120
    43.7200       124
    43.7300       138
    43.7400       164
    43.7500       166
    43.7600       182
    43.7700       198
    43.7800       226
    43.7900       200
    43.8000       210
    43.8100       254
    43.8200       278
    43.8300       342
    43.8400       366
    43.8500       460
    43.8600       528
    43.8700       634
    43.8800       624
    43.8900       656
    43.9000       632
    43.9100       538
    43.9200       508
    43.9300       430
    43.9400       418
    43.9500       340
    43.9600       308
    43.9700       288
    43.9800       336
    43.9900       360
    44.0000       366
    44.0100       384
    44.0200       318
    44.0300       272
    44.0400       270
    44.0500       238
    44.0600       190
    44.0700       170
    44.0800       166
    44.0900       128
    44.1000       132
    44.1100        96
    44.1200       110
    44.1300       102
    44.1400       114
    44.1500        84
    44.1600       118
    44.1700       116
    44.1800       110
    44.1900       108
    44.2000       100
    44.2100       124
    44.2200        80
    44.2300       100
    44.2400       116
    44.2500        98
    44.2600        90
    44.2700        86
    44.2800        78
    44.2900        94
    44.3000        98
    44.3100        80
    44.3200        90
    44.3300        90
    44.3400       104
    44.3500       110
    44.3600        78
    44.3700        92
    44.3800       124
    44.3900        96
    44.4000        88
    44.4100        98
    44.4200        88
    44.4300       106
    44.4400       104
    44.4500       104
    44.4600       106
    44.4700       128
    44.4800       108
    44.4900       122
    44.5000       132
    44.5100       120
    44.5200       126
    44.5300       134
    44.5400       126
    44.5500       136
    44.5600       128
    44.5700       114
    44.5800       146
    44.5900       142
    44.6000       170
    44.6100       148
    44.6200       148
    44.6300       162
    44.6400       182
    44.6500       162
    44.6600       182
    44.6700       202
    44.6800       182
    44.6900       240
    44.7000       248
    44.7100       256
    44.7200       236
    44.7300       260
    44.7400       274
    44.7500       280
    44.7600       284
    44.7700       304
    44.7800       290
    44.7900       304
    44.8000       316
    44.8100       378
    44.8200       344
    44.8300       426
    44.8400       366
    44.8500       406
    44.8600       424
    44.8700       486
    44.8800       482
    44.8900       490
    44.9000       564
    44.9100       530
    44.9200       588
    44.9300       588
    44.9400       678
    44.9500       700
    44.9600       710
    44.9700       760
    44.9800       816
    44.9900       838
    45.0000       892
    45.0100       984
    45.0200       892
    45.0300      1042
    45.0400      1086
    45.0500      1220
    45.0600      1322
    45.0700      1482
    45.0800      1748
    45.0900      1782
    45.1000      2168
    45.1100      2388
    45.1200      2946
    45.1300      3494
    45.1400      4326
    45.1500      5194
    45.1600      6010
    45.1700      6852
    45.1800      7372
    45.1900      7190
    45.2000      6972
    45.2100      6392
    45.2200      5462
    45.2300      4940
    45.2400      4338
    45.2500      4022
    45.2600      3864
    45.2700      4012
    45.2800      4132
    45.2900      4284
    45.3000      4336
    45.3100      4158
    45.3200      3910
    45.3300      3496
    45.3400      3078
    45.3500      2570
    45.3600      2312
    45.3700      2004
    45.3800      1690
    45.3900      1572
    45.4000      1392
    45.4100      1278
    45.4200      1176
    45.4300      1102
    45.4400      1002
    45.4500       932
    45.4600       866
    45.4700       852
    45.4800       822
    45.4900       738
    45.5000       736
    45.5100       740
    45.5200       656
    45.5300       670
    45.5400       674
    45.5500       532
    45.5600       504
    45.5700       454
    45.5800       446
    45.5900       436
    45.6000       406
    45.6100       374
    45.6200       344
    45.6300       316
    45.6400       326
    45.6500       342
    45.6600       302
    45.6700       300
    45.6800       304
    45.6900       272
    45.7000       234
    45.7100       216
    45.7200       220
    45.7300       208
    45.7400       210
    45.7500       220
    45.7600       178
    45.7700       192
    45.7800       166
    45.7900       160
    45.8000       146
    45.8100       170
    45.8200       154
    45.8300       144
    45.8400       132
    45.8500       140
    45.8600       150
    45.8700       152
    45.8800       140
    45.8900       118
    45.9000       124
    45.9100       130
    45.9200       104
    45.9300       118
    45.9400        84
    45.9500       118
    45.9600       106
    45.9700        88
    45.9800       100
    45.9900        76
    46.0000        96
    46.0100        98
    46.0200        70
    46.0300        78
    46.0400        80
    46.0500        88
    46.0600        92
    46.0700       100
    46.0800        84
    46.0900        84
    46.1000        86
    46.1100        76
    46.1200        78
    46.1300        62
    46.1400        88
    46.1500        56
    46.1600        74
    46.1700        62
    46.1800        80
    46.1900        68
    46.2000        82
    46.2100        72
    46.2200        66
    46.2300        70
    46.2400        66
    46.2500        62
    46.2600        92
    46.2700        50
    46.2800        76
    46.2900        80
    46.3000        64
    46.3100        66
    46.3200        72
    46.3300        62
    46.3400        68
    46.3500        62
    46.3600        66
    46.3700        86
    46.3800        60
    46.3900        64
    46.4000        52
    46.4100        62
    46.4200        74
    46.4300        48
    46.4400        64
    46.4500        50
    46.4600        64
    46.4700        64
    46.4800        74
    46.4900        70
    46.5000        86
    46.5100        74
    46.5200        68
    46.5300        84
    46.5400        80
    46.5500        78
    46.5600        72
    46.5700        66
    46.5800        70
    46.5900        70
    46.6000        66
    46.6100        60
    46.6200        66
    46.6300        76
    46.6400        82
    46.6500        72
    46.6600        96
    46.6700        92
    46.6800        72
    46.6900        78
    46.7000        68
    46.7100        64
    46.7200        80
    46.7300        76
    46.7400        78
    46.7500        66
    46.7600        88
    46.7700        66
    46.7800        72
    46.7900        86
    46.8000        78
    46.8100       102
    46.8200        70
    46.8300        80
    46.8400        68
    46.8500        88
    46.8600        82
    46.8700        72
    46.8800        70
    46.8900        68
    46.9000        82
    46.9100        84
    46.9200        82
    46.9300        90
    46.9400       102
    46.9500        86
    46.9600        98
    46.9700        96
    46.9800       100
    46.9900       134
    47.0000       108
    47.0100       106
    47.0200       108
    47.0300       124
    47.0400       130
    47.0500       136
    47.0600       138
    47.0700       126
    47.0800       118
    47.0900       118
    47.1000       140
    47.1100       108
    47.1200       108
    47.1300       122
    47.1400       110
    47.1500       116
    47.1600       104
    47.1700       102
    47.1800        94
    47.1900        94
    47.2000       112
    47.2100       110
    47.2200        90
    47.2300       104
    47.2400       104
    47.2500        92
    47.2600        98
    47.2700        90
    47.2800        94
    47.2900        92
    47.3000        72
    47.3100        84
    47.3200        74
    47.3300        96
    47.3400        88
    47.3500        88
    47.3600        94
    47.3700        78
    47.3800       112
    47.3900        94
    47.4000        78
    47.4100       108
    47.4200        80
    47.4300        98
    47.4400        82
    47.4500        82
    47.4600        92
    47.4700       108
    47.4800        96
    47.4900        94
    47.5000       118
    47.5100       128
    47.5200       142
    47.5300       130
    47.5400       146
    47.5500       132
    47.5600       146
    47.5700       164
    47.5800       134
    47.5900       176
    47.6000       158
    47.6100       148
    47.6200       172
    47.6300       158
    47.6400       176
    47.6500       158
    47.6600       154
    47.6700       154
    47.6800       186
    47.6900       194
    47.7000       186
    47.7100       158
    47.7200       168
    47.7300       140
    47.7400       166
    47.7500       154
    47.7600       158
    47.7700       156
    47.7800       178
    47.7900       202
    47.8000       158
    47.8100       156
    47.8200       136
    47.8300       136
    47.8400       136
    47.8500       144
    47.8600       144
    47.8700       120
    47.8800       110
    47.8900       118
    47.9000       130
    47.9100       110
    47.9200       102
    47.9300       116
    47.9400       100
    47.9500       102
    47.9600        80
    47.9700        94
    47.9800        66
    47.9900        80
    48.0000        64
    48.0100        78
    48.0200        68
    48.0300        68
    48.0400        76
    48.0500        70
    48.0600        52
    48.0700        64
    48.0800        74
    48.0900        70
    48.1000        62
    48.1100        54
    48.1200        58
    48.1300        56
    48.1400        56
    48.1500        64
    48.1600        52
    48.1700        50
    48.1800        52
    48.1900        46
    48.2000        58
    48.2100        64
    48.2200        56
    48.2300        50
    48.2400        48
    48.2500        54
    48.2600        56
    48.2700        82
    48.2800        82
    48.2900        74
    48.3000        66
    48.3100        56
    48.3200        76
    48.3300        68
    48.3400        56
    48.3500        82
    48.3600        68
    48.3700        68
    48.3800        68
    48.3900        62
    48.4000        72
    48.4100        72
    48.4200        92
    48.4300        88
    48.4400        94
    48.4500       106
    48.4600       102
    48.4700       120
    48.4800       114
    48.4900       130
    48.5000       182
    48.5100       174
    48.5200       148
    48.5300       142
    48.5400       164
    48.5500       180
    48.5600       204
    48.5700       186
    48.5800       218
    48.5900       222
    48.6000       222
    48.6100       210
    48.6200       204
    48.6300       200
    48.6400       174
    48.6500       206
    48.6600       186
    48.6700       222
    48.6800       192
    48.6900       196
    48.7000       190
    48.7100       200
    48.7200       224
    48.7300       210
    48.7400       178
    48.7500       188
    48.7600       178
    48.7700       192
    48.7800       190
    48.7900       176
    48.8000       168
    48.8100       172
    48.8200       158
    48.8300       150
    48.8400       156
    48.8500       164
    48.8600       160
    48.8700       138
    48.8800       124
    48.8900       136
    48.9000       134
    48.9100       118
    48.9200       130
    48.9300       110
    48.9400       106
    48.9500       124
    48.9600       116
    48.9700        94
    48.9800        84
    48.9900        78
    49.0000        90
    49.0100        80
    49.0200        54
    49.0300        70
    49.0400        68
    49.0500        74
    49.0600        82
    49.0700        72
    49.0800        68
    49.0900        54
    49.1000        64
    49.1100        66
    49.1200        68
    49.1300        64
    49.1400        60
    49.1500        52
    49.1600        72
    49.1700        78
    49.1800        74
    49.1900        90
    49.2000        72
    49.2100        82
    49.2200        94
    49.2300        74
    49.2400        70
    49.2500        94
    49.2600        86
    49.2700       100
    49.2800        84
    49.2900       106
    49.3000       116
    49.3100       102
    49.3200       108
    49.3300        92
    49.3400       110
    49.3500       102
    49.3600       112
    49.3700       118
    49.3800        88
    49.3900       114
    49.4000       100
    49.4100        94
    49.4200        94
    49.4300        98
    49.4400        92
    49.4500       108
    49.4600        90
    49.4700        94
    49.4800       104
    49.4900        92
    49.5000        76
    49.5100       100
    49.5200        90
    49.5300        98
    49.5400        86
    49.5500       114
    49.5600        94
    49.5700        86
    49.5800       102
    49.5900       108
    49.6000        90
    49.6100       104
    49.6200        86
    49.6300       102
    49.6400       112
    49.6500        92
    49.6600       102
    49.6700       104
    49.6800        96
    49.6900       100
    49.7000       110
    49.7100       122
    49.7200       102
    49.7300       122
    49.7400       134
    49.7500       144
    49.7600       134
    49.7700       176
    49.7800       210
    49.7900       194
    49.8000       224
    49.8100       240
    49.8200       290
    49.8300       312
    49.8400       320
    49.8500       360
    49.8600       316
    49.8700       314
    49.8800       318
    49.8900       318
    49.9000       280
    49.9100       260
    49.9200       250
    49.9300       246
    49.9400       236
    49.9500       246
    49.9600       246
    49.9700       240
    49.9800       252
    49.9900       252
    50.0000       234
    50.0100       212
    50.0200       222
    50.0300       186
    50.0400       182
    50.0500       158
    50.0600       140
    50.0700       160
    50.0800       146
    50.0900       128
    50.1000       134
    50.1100       148
    50.1200       122
    50.1300       116
    50.1400       128
    50.1500       110
    50.1600       108
    50.1700       120
    50.1800       102
    50.1900       116
    50.2000       102
    50.2100        78
    50.2200        92
    50.2300        84
    50.2400        88
    50.2500        74
    50.2600        80
    50.2700        72
    50.2800        74
    50.2900        64
    50.3000        70
    50.3100        56
    50.3200        70
    50.3300        58
    50.3400        70
    50.3500        56
    50.3600        62
    50.3700        86
    50.3800        54
    50.3900        42
    50.4000        60
    50.4100        48
    50.4200        50
    50.4300        50
    50.4400        46
    50.4500        54
    50.4600        36
    50.4700        42
    50.4800        48
    50.4900        44
    50.5000        46
    50.5100        56
    50.5200        58
    50.5300        36
    50.5400        44
    50.5500        48
    50.5600        50
    50.5700        38
    50.5800        46
    50.5900        28
    50.6000        42
    50.6100        46
    50.6200        36
    50.6300        44
    50.6400        42
    50.6500        52
    50.6600        40
    50.6700        50
    50.6800        48
    50.6900        36
    50.7000        34
    50.7100        46
    50.7200        42
    50.7300        46
    50.7400        50
    50.7500        40
    50.7600        56
    50.7700        70
    50.7800        52
    50.7900        60
    50.8000        62
    50.8100        58
    50.8200        56
    50.8300        52
    50.8400        50
    50.8500        64
    50.8600        54
    50.8700        50
    50.8800        60
    50.8900        60
    50.9000        68
    50.9100        62
    50.9200        68
    50.9300        66
    50.9400        62
    50.9500        78
    50.9600        92
    50.9700        66
    50.9800        92
    50.9900        66
    51.0000        78
    51.0100        80
    51.0200        76
    51.0300        76
    51.0400        74
    51.0500        82
    51.0600        84
    51.0700        56
    51.0800        78
    51.0900        80
    51.1000        56
    51.1100        74
    51.1200        78
    51.1300        82
    51.1400        88
    51.1500        76
    51.1600        84
    51.1700        88
    51.1800        86
    51.1900        64
    51.2000        68
    51.2100        78
    51.2200        54
    51.2300        78
    51.2400        66
    51.2500        84
    51.2600        80
    51.2700        82
    51.2800        76
    51.2900        74
    51.3000        66
    51.3100        60
    51.3200        70
    51.3300        66
    51.3400        64
    51.3500        82
    51.3600        90
    51.3700        74
    51.3800        68
    51.3900        58
    51.4000        72
    51.4100        62
    51.4200        82
    51.4300        64
    51.4400        60
    51.4500        62
    51.4600        58
    51.4700        66
    51.4800        62
    51.4900        44
    51.5000        70
    51.5100        62
    51.5200        60
    51.5300        58
    51.5400        54
    51.5500        48
    51.5600        54
    51.5700        54
    51.5800        62
    51.5900        48
    51.6000        44
    51.6100        66
    51.6200        72
    51.6300        54
    51.6400        68
    51.6500        66
    51.6600        72
    51.6700        62
    51.6800        70
    51.6900        64
    51.7000        86
    51.7100        84
    51.7200        72
    51.7300        80
    51.7400        78
    51.7500        76
    51.7600        72
    51.7700        82
    51.7800        82
    51.7900        70
    51.8000        78
    51.8100        80
    51.8200       112
    51.8300       104
    51.8400       100
    51.8500       110
    51.8600       116
    51.8700       118
    51.8800       112
    51.8900       128
    51.9000       134
    51.9100       120
    51.9200       146
    51.9300       112
    51.9400       132
    51.9500       146
    51.9600       124
    51.9700       136
    51.9800       116
    51.9900       114
    52.0000       122
    52.0100       124
    52.0200       136
    52.0300       112
    52.0400       120
    52.0500       126
    52.0600       130
    52.0700       124
    52.0800       122
    52.0900       110
    52.1000       108
    52.1100       112
    52.1200        88
    52.1300       108
    52.1400       118
    52.1500        90
    52.1600        92
    52.1700        86
    52.1800        82
    52.1900        78
    52.2000        72
    52.2100        78
    52.2200        82
    52.2300        68
    52.2400        76
    52.2500        82
    52.2600        78
    52.2700        56
    52.2800        72
    52.2900        72
    52.3000        58
    52.3100        72
    52.3200        62
    52.3300        52
    52.3400        40
    52.3500        56
    52.3600        64
    52.3700        60
    52.3800        48
    52.3900        64
    52.4000        42
    52.4100        54
    52.4200        60
    52.4300        52
    52.4400        58
    52.4500        42
    52.4600        54
    52.4700        42
    52.4800        48
    52.4900        46
    52.5000        48
    52.5100        48
    52.5200        48
    52.5300        40
    52.5400        56
    52.5500        50
    52.5600        46
    52.5700        46
    52.5800        42
    52.5900        44
    52.6000        40
    52.6100        44
    52.6200        34
    52.6300        42
    52.6400        40
    52.6500        38
    52.6600        52
    52.6700        50
    52.6800        44
    52.6900        42
    52.7000        40
    52.7100        42
    52.7200        34
    52.7300        48
    52.7400        38
    52.7500        44
    52.7600        46
    52.7700        54
    52.7800        38
    52.7900        36
    52.8000        40
    52.8100        46
    52.8200        36
    52.8300        34
    52.8400       136
    52.8500        42
    52.8600        38
    52.8700        44
    52.8800        42
    52.8900        42
    52.9000        40
    52.9100        34
    52.9200        40
    52.9300        52
    52.9400        50
    52.9500        46
    52.9600        38
    52.9700        54
    52.9800        36
    52.9900        42
    53.0000        48
    53.0100        54
    53.0200        44
    53.0300        60
    53.0400        28
    53.0500        40
    53.0600        32
    53.0700        46
    53.0800        38
    53.0900        34
    53.1000        56
    53.1100        50
    53.1200        46
    53.1300        40
    53.1400        34
    53.1500        36
    53.1600        36
    53.1700        36
    53.1800        40
    53.1900        34
    53.2000        28
    53.2100        42
    53.2200        54
    53.2300        52
    53.2400        56
    53.2500        58
    53.2600        54
    53.2700        52
    53.2800        48
    53.2900        54
    53.3000        50
    53.3100        44
    53.3200        48
    53.3300        38
    53.3400        36
    53.3500        74
    53.3600        60
    53.3700        40
    53.3800        50
    53.3900        46
    53.4000        52
    53.4100        52
    53.4200        42
    53.4300        46
    53.4400        66
    53.4500        42
    53.4600        50
    53.4700        30
    53.4800        62
    53.4900        54
    53.5000        48
    53.5100        56
    53.5200        56
    53.5300        54
    53.5400        56
    53.5500        36
    53.5600        50
    53.5700        58
    53.5800        58
    53.5900        60
    53.6000        60
    53.6100        50
    53.6200        48
    53.6300        56
    53.6400        56
    53.6500        50
    53.6600        54
    53.6700        46
    53.6800        50
    53.6900        60
    53.7000        74
    53.7100        74
    53.7200        58
    53.7300        64
    53.7400        54
    53.7500        52
    53.7600        56
    53.7700        62
    53.7800        62
    53.7900        62
    53.8000        58
    53.8100        62
    53.8200        62
    53.8300        58
    53.8400        56
    53.8500        60
    53.8600        62
    53.8700        68
    53.8800        54
    53.8900        56
    53.9000        62
    53.9100        74
    53.9200        70
    53.9300        70
    53.9400        64
    53.9500        68
    53.9600        56
    53.9700        74
    53.9800        72
    53.9900        70
    54.0000        62
    54.0100        74
    54.0200        76
    54.0300        68
    54.0400        66
    54.0500        90
    54.0600        54
    54.0700        74
    54.0800        74
    54.0900        84
    54.1000        88
    54.1100       198
    54.1200        68
    54.1300        84
    54.1400        90
    54.1500        98
    54.1600        82
    54.1700        90
    54.1800        94
    54.1900        84
    54.2000        86
    54.2100       106
    54.2200        92
    54.2300        88
    54.2400        92
    54.2500        92
    54.2600        86
    54.2700        80
    54.2800        86
    54.2900        88
    54.3000        68
    54.3100        76
    54.3200        74
    54.3300        80
    54.3400        78
    54.3500        74
    54.3600        68
    54.3700        60
    54.3800        60
    54.3900        68
    54.4000        76
    54.4100        64
    54.4200        72
    54.4300        54
    54.4400        72
    54.4500        70
    54.4600        68
    54.4700        68
    54.4800        68
    54.4900        74
    54.5000        68
    54.5100        60
    54.5200        70
    54.5300        68
    54.5400        62
    54.5500        80
    54.5600        74
    54.5700        64
    54.5800        86
    54.5900        68
    54.6000        92
    54.6100        80
    54.6200        86
    54.6300        86
    54.6400        84
    54.6500        94
    54.6600       108
    54.6700        98
    54.6800        98
    54.6900        92
    54.7000        92
    54.7100       104
    54.7200        96
    54.7300       122
    54.7400       104
    54.7500       108
    54.7600       112
    54.7700       110
    54.7800       124
    54.7900       118
    54.8000       116
    54.8100       118
    54.8200       152
    54.8300       132
    54.8400       174
    54.8500       164
    54.8600       164
    54.8700       178
    54.8800       192
    54.8900       218
    54.9000       228
    54.9100       282
    54.9200       316
    54.9300       356
    54.9400       474
    54.9500       514
    54.9600       612
    54.9700       686
    54.9800       778
    54.9900       732
    55.0000       766
    55.0100       704
    55.0200       624
    55.0300       578
    55.0400       454
    55.0500       460
    55.0600       390
    55.0700       390
    55.0800       402
    55.0900       366
    55.1000       370
    55.1100       434
    55.1200       468
    55.1300       432
    55.1400       454
    55.1500       482
    55.1600       406
    55.1700       396
    55.1800       332
    55.1900       332
    55.2000       270
    55.2100       254
    55.2200       196
    55.2300       208
    55.2400       178
    55.2500       166
    55.2600       158
    55.2700       160
    55.2800       122
    55.2900       128
    55.3000       146
    55.3100       122
    55.3200       114
    55.3300       130
    55.3400       128
    55.3500       122
    55.3600       106
    55.3700       108
    55.3800       102
    55.3900       104
    55.4000       102
    55.4100       108
    55.4200       106
    55.4300        74
    55.4400        82
    55.4500        84
    55.4600        92
    55.4700        84
    55.4800        80
    55.4900       100
    55.5000        82
    55.5100        82
    55.5200        82
    55.5300        68
    55.5400        76
    55.5500        72
    55.5600        96
    55.5700        62
    55.5800        80
    55.5900        68
    55.6000        80
    55.6100        82
    55.6200        78
    55.6300        72
    55.6400        62
    55.6500        70
    55.6600        72
    55.6700        66
    55.6800        70
    55.6900        74
    55.7000        62
    55.7100        60
    55.7200        70
    55.7300        62
    55.7400        58
    55.7500        68
    55.7600        70
    55.7700        70
    55.7800        68
    55.7900        60
    55.8000        68
    55.8100        92
    55.8200        62
    55.8300        78
    55.8400        78
    55.8500        62
    55.8600        84
    55.8700        76
    55.8800        72
    55.8900        94
    55.9000        78
    55.9100        80
    55.9200       100
    55.9300        86
    55.9400        92
    55.9500        66
    55.9600       104
    55.9700       108
    55.9800        88
    55.9900        96
    56.0000        98
    56.0100        90
    56.0200       102
    56.0300       106
    56.0400        92
    56.0500       100
    56.0600        82
    56.0700        86
    56.0800        90
    56.0900       110
    56.1000        88
    56.1100        90
    56.1200        92
    56.1300        98
    56.1400        82
    56.1500        84
    56.1600        90
    56.1700        88
    56.1800        66
    56.1900        76
    56.2000        80
    56.2100        86
    56.2200        78
    56.2300        84
    56.2400        80
    56.2500        76
    56.2600        80
    56.2700        68
    56.2800        68
    56.2900        72
    56.3000        68
    56.3100        68
    56.3200        50
    56.3300        64
    56.3400        44
    56.3500        68
    56.3600        56
    56.3700        56
    56.3800        62
    56.3900        50
    56.4000        46
    56.4100        36
    56.4200        48
    56.4300        48
    56.4400        48
    56.4500        50
    56.4600        60
    56.4700        38
    56.4800        42
    56.4900        46
    56.5000        38
    56.5100        50
    56.5200        52
    56.5300        44
    56.5400        32
    56.5500        36
    56.5600        48
    56.5700        34
    56.5800        50
    56.5900        38
    56.6000        36
    56.6100        38
    56.6200        44
    56.6300        28
    56.6400        38
    56.6500        44
    56.6600        42
    56.6700        42
    56.6800        38
    56.6900        52
    56.7000        38
    56.7100        58
    56.7200        52
    56.7300        38
    56.7400        34
    56.7500        40
    56.7600        50
    56.7700        36
    56.7800        30
    56.7900        36
    56.8000        36
    56.8100        50
    56.8200        40
    56.8300        28
    56.8400        38
    56.8500        40
    56.8600        36
    56.8700        34
    56.8800        40
    56.8900        36
    56.9000        40
    56.9100        46
    56.9200        34
    56.9300        32
    56.9400        48
    56.9500        46
    56.9600        48
    56.9700        32
    56.9800        48
    56.9900        38
    57.0000        38
    57.0100        46
    57.0200        44
    57.0300        38
    57.0400        42
    57.0500        54
    57.0600        50
    57.0700        54
    57.0800        52
    57.0900        40
    57.1000        40
    57.1100        40
    57.1200        46
    57.1300        52
    57.1400        48
    57.1500        44
    57.1600        42
    57.1700        38
    57.1800        40
    57.1900        48
    57.2000        38
    57.2100        40
    57.2200        60
    57.2300        52
    57.2400        48
    57.2500        48
    57.2600        42
    57.2700        32
    57.2800        48
    57.2900        52
    57.3000        50
    57.3100        44
    57.3200        48
    57.3300        40
    57.3400        40
    57.3500        34
    57.3600        38
    57.3700        40
    57.3800        52
    57.3900        42
    57.4000        54
    57.4100        44
    57.4200        38
    57.4300        44
    57.4400        50
    57.4500        48
    57.4600        40
    57.4700        56
    57.4800        44
    57.4900        46
    57.5000        56
    57.5100        48
    57.5200        36
    57.5300        58
    57.5400        50
    57.5500        42
    57.5600        52
    57.5700        54
    57.5800        48
    57.5900        44
    57.6000        58
    57.6100        48
    57.6200        56
    57.6300        50
    57.6400        78
    57.6500        62
    57.6600        50
    57.6700        52
    57.6800        72
    57.6900        76
    57.7000        64
    57.7100        82
    57.7200        62
    57.7300        88
    57.7400        86
    57.7500       108
    57.7600       100
    57.7700       112
    57.7800       264
    57.7900       116
    57.8000       100
    57.8100       102
    57.8200       144
    57.8300       128
    57.8400       118
    57.8500       116
    57.8600       104
    57.8700       112
    57.8800        90
    57.8900       118
    57.9000        92
    57.9100       116
    57.9200        96
    57.9300        98
    57.9400       104
    57.9500       114
    57.9600       100
    57.9700        98
    57.9800        98
    57.9900        98
    58.0000       104
    58.0100        86
    58.0200        86
    58.0300        80
    58.0400        86
    58.0500        80
    58.0600        76
    58.0700        66
    58.0800        58
    58.0900        58
    58.1000        72
    58.1100        80
    58.1200        62
    58.1300        72
    58.1400        50
    58.1500        62
    58.1600        70
    58.1700        64
    58.1800        54
    58.1900        78
    58.2000        58
    58.2100        52
    58.2200        64
    58.2300        62
    58.2400        76
    58.2500        68
    58.2600        56
    58.2700        66
    58.2800        54
    58.2900        62
    58.3000        66
    58.3100        82
    58.3200        54
    58.3300        64
    58.3400        70
    58.3500        52
    58.3600        64
    58.3700        74
    58.3800        60
    58.3900        78
    58.4000        48
    58.4100        86
    58.4200        60
    58.4300        62
    58.4400        92
    58.4500        62
    58.4600        72
    58.4700        84
    58.4800        58
    58.4900        74
    58.5000        62
    58.5100        78
    58.5200        68
    58.5300        74
    58.5400        64
    58.5500        62
    58.5600        50
    58.5700        54
    58.5800        58
    58.5900        62
    58.6000        62
    58.6100        72
    58.6200        70
    58.6300        76
    58.6400        72
    58.6500        70
    58.6600        64
    58.6700        84
    58.6800        80
    58.6900        64
    58.7000        76
    58.7100        64
    58.7200        76
    58.7300        92
    58.7400        92
    58.7500        74
    58.7600        82
    58.7700        94
    58.7800        84
    58.7900        98
    58.8000        82
    58.8100        88
    58.8200       110
    58.8300        96
    58.8400        96
    58.8500        78
    58.8600       110
    58.8700       138
    58.8800       120
    58.8900       134
    58.9000       148
    58.9100       144
    58.9200       154
    58.9300       140
    58.9400       164
    58.9500       178
    58.9600       188
    58.9700       178
    58.9800       176
    58.9900       162
    59.0000       144
    59.0100       140
    59.0200       158
    59.0300       118
    59.0400       126
    59.0500       130
    59.0600       134
    59.0700       140
    59.0800       126
    59.0900       126
    59.1000       136
    59.1100       136
    59.1200       140
    59.1300       142
    59.1400       110
    59.1500       122
    59.1600       106
    59.1700        94
    59.1800       106
    59.1900       112
    59.2000        98
    59.2100        84
    59.2200        88
    59.2300        72
    59.2400        92
    59.2500        72
    59.2600        96
    59.2700        86
    59.2800        82
    59.2900        84
    59.3000        46
    59.3100        74
    59.3200        68
    59.3300        78
    59.3400        72
    59.3500        92
    59.3600        70
    59.3700        62
    59.3800        66
    59.3900        86
    59.4000        62
    59.4100        58
    59.4200        68
    59.4300        56
    59.4400        58
    59.4500        76
    59.4600        86
    59.4700        72
    59.4800        78
    59.4900        68
    59.5000        56
    59.5100        56
    59.5200        66
    59.5300        74
    59.5400        74
    59.5500        78
    59.5600        52
    59.5700        64
    59.5800        78
    59.5900        74
    59.6000        76
    59.6100        68
    59.6200        62
    59.6300        66
    59.6400        66
    59.6500        66
    59.6600        68
    59.6700        82
    59.6800        58
    59.6900        76
    59.7000        54
    59.7100        80
    59.7200        74
    59.7300        58
    59.7400        86
    59.7500        68
    59.7600        78
    59.7700        80
    59.7800        78
    59.7900        76
    59.8000        58
    59.8100        58
    59.8200        82
    59.8300        72
    59.8400        68
    59.8500        66
    59.8600        70
    59.8700        66
    59.8800        68
    59.8900        64
    59.9000        60
    59.9100        60
    59.9200        92
    59.9300        70
    59.9400        74
    59.9500        74
    59.9600        76
    59.9700        76
    59.9800        78
    59.9900        80
    60.0000        88
